,Currency,Rate,extracted_date,data_source
0,AED,3.6726,2025-11-24 02:20:55,openexchangerates_api
1,AFN,65.932352,2025-11-24 02:20:55,openexchangerates_api
2,ALL,83.933998,2025-11-24 02:20:55,openexchangerates_api
3,AMD,381.762765,2025-11-24 02:20:55,openexchangerates_api
4,ANG,1.79,2025-11-24 02:20:55,openexchangerates_api
5,AOA,915.361667,2025-11-24 02:20:55,openexchangerates_api
6,ARS,1424.43274,2025-11-24 02:20:55,openexchangerates_api
7,AUD,1.547611,2025-11-24 02:20:55,openexchangerates_api
8,AWG,1.8,2025-11-24 02:20:55,openexchangerates_api
9,AZN,1.7,2025-11-24 02:20:55,openexchangerates_api
10,BAM,1.69848,2025-11-24 02:20:55,openexchangerates_api
11,BBD,2.0,2025-11-24 02:20:55,openexchangerates_api
12,BDT,122.501066,2025-11-24 02:20:55,openexchangerates_api
13,BGN,1.698574,2025-11-24 02:20:55,openexchangerates_api
14,BHD,0.376726,2025-11-24 02:20:55,openexchangerates_api
15,BIF,2946.757635,2025-11-24 02:20:55,openexchangerates_api
16,BMD,1.0,2025-11-24 02:20:55,openexchangerates_api
17,BND,1.308033,2025-11-24 02:20:55,openexchangerates_api
18,BOB,6.904907,2025-11-24 02:20:55,openexchangerates_api
19,BRL,5.404181,2025-11-24 02:20:55,openexchangerates_api
20,BSD,1.0,2025-11-24 02:20:55,openexchangerates_api
21,BTC,1.1522312e-05,2025-11-24 02:20:55,openexchangerates_api
22,BTN,89.421613,2025-11-24 02:20:55,openexchangerates_api
23,BWP,13.470256,2025-11-24 02:20:55,openexchangerates_api
24,BYN,3.413461,2025-11-24 02:20:55,openexchangerates_api
25,BZD,2.00964,2025-11-24 02:20:55,openexchangerates_api
26,CAD,1.409555,2025-11-24 02:20:55,openexchangerates_api
27,CDF,2247.863416,2025-11-24 02:20:55,openexchangerates_api
28,CHF,0.808712,2025-11-24 02:20:55,openexchangerates_api
29,CLF,0.023938,2025-11-24 02:20:55,openexchangerates_api
30,CLP,938.291458,2025-11-24 02:20:55,openexchangerates_api
31,CNH,7.10307,2025-11-24 02:20:55,openexchangerates_api
32,CNY,7.10715,2025-11-24 02:20:55,openexchangerates_api
33,COP,3763.578992,2025-11-24 02:20:55,openexchangerates_api
34,CRC,500.12981,2025-11-24 02:20:55,openexchangerates_api
35,CUC,1.0,2025-11-24 02:20:55,openexchangerates_api
36,CUP,25.75,2025-11-24 02:20:55,openexchangerates_api
37,CVE,95.757724,2025-11-24 02:20:55,openexchangerates_api
38,CZK,21.0689,2025-11-24 02:20:55,openexchangerates_api
39,DJF,177.94184,2025-11-24 02:20:55,openexchangerates_api
40,DKK,6.49049,2025-11-24 02:20:55,openexchangerates_api
41,DOP,63.074249,2025-11-24 02:20:55,openexchangerates_api
42,DZD,130.696991,2025-11-24 02:20:55,openexchangerates_api
43,EGP,47.468335,2025-11-24 02:20:55,openexchangerates_api
44,ERN,15.0,2025-11-24 02:20:55,openexchangerates_api
45,ETB,154.668652,2025-11-24 02:20:55,openexchangerates_api
46,EUR,0.869012,2025-11-24 02:20:55,openexchangerates_api
47,FJD,2.29305,2025-11-24 02:20:55,openexchangerates_api
48,FKP,0.763591,2025-11-24 02:20:55,openexchangerates_api
49,GBP,0.763591,2025-11-24 02:20:55,openexchangerates_api
50,GEL,2.7,2025-11-24 02:20:55,openexchangerates_api
51,GGP,0.763591,2025-11-24 02:20:55,openexchangerates_api
52,GHS,11.111594,2025-11-24 02:20:55,openexchangerates_api
53,GIP,0.763591,2025-11-24 02:20:55,openexchangerates_api
54,GMD,73.500003,2025-11-24 02:20:55,openexchangerates_api
55,GNF,8679.05838,2025-11-24 02:20:55,openexchangerates_api
56,GTQ,7.656969,2025-11-24 02:20:55,openexchangerates_api
57,GYD,209.057766,2025-11-24 02:20:55,openexchangerates_api
58,HKD,7.782584,2025-11-24 02:20:55,openexchangerates_api
59,HNL,26.297004,2025-11-24 02:20:55,openexchangerates_api
60,HRK,6.547595,2025-11-24 02:20:55,openexchangerates_api
61,HTG,130.838029,2025-11-24 02:20:55,openexchangerates_api
62,HUF,333.7425,2025-11-24 02:20:55,openexchangerates_api
63,IDR,16689.732999,2025-11-24 02:20:55,openexchangerates_api
64,ILS,3.28229,2025-11-24 02:20:55,openexchangerates_api
65,IMP,0.763591,2025-11-24 02:20:55,openexchangerates_api
66,INR,89.63097,2025-11-24 02:20:55,openexchangerates_api
67,IQD,1308.989552,2025-11-24 02:20:55,openexchangerates_api
68,IRR,42100.0,2025-11-24 02:20:55,openexchangerates_api
69,ISK,127.618113,2025-11-24 02:20:55,openexchangerates_api
70,JEP,0.763591,2025-11-24 02:20:55,openexchangerates_api
71,JMD,160.686049,2025-11-24 02:20:55,openexchangerates_api
72,JOD,0.709,2025-11-24 02:20:55,openexchangerates_api
73,JPY,156.689,2025-11-24 02:20:55,openexchangerates_api
74,KES,129.330713,2025-11-24 02:20:55,openexchangerates_api
75,KGS,87.45,2025-11-24 02:20:55,openexchangerates_api
76,KHR,3996.490407,2025-11-24 02:20:55,openexchangerates_api
77,KMF,428.000124,2025-11-24 02:20:55,openexchangerates_api
78,KPW,900.0,2025-11-24 02:20:55,openexchangerates_api
79,KRW,1469.732774,2025-11-24 02:20:55,openexchangerates_api
80,KWD,0.307111,2025-11-24 02:20:55,openexchangerates_api
81,KYD,0.83274,2025-11-24 02:20:55,openexchangerates_api
82,KZT,520.243333,2025-11-24 02:20:55,openexchangerates_api
83,LAK,21696.29194,2025-11-24 02:20:55,openexchangerates_api
84,LBP,89550.544308,2025-11-24 02:20:55,openexchangerates_api
85,LKR,307.563946,2025-11-24 02:20:55,openexchangerates_api
86,LRD,178.869907,2025-11-24 02:20:55,openexchangerates_api
87,LSL,17.367174,2025-11-24 02:20:55,openexchangerates_api
88,LYD,5.469388,2025-11-24 02:20:55,openexchangerates_api
89,MAD,9.286843,2025-11-24 02:20:55,openexchangerates_api
90,MDL,17.111208,2025-11-24 02:20:55,openexchangerates_api
91,MGA,4511.516923,2025-11-24 02:20:55,openexchangerates_api
92,MKD,53.430309,2025-11-24 02:20:55,openexchangerates_api
93,MMK,2099.7,2025-11-24 02:20:55,openexchangerates_api
94,MNT,3582.15,2025-11-24 02:20:55,openexchangerates_api
95,MOP,8.01294,2025-11-24 02:20:55,openexchangerates_api
96,MRU,39.64068,2025-11-24 02:20:55,openexchangerates_api
97,MUR,46.177998,2025-11-24 02:20:55,openexchangerates_api
98,MVR,15.4,2025-11-24 02:20:55,openexchangerates_api
99,MWK,1732.700148,2025-11-24 02:20:55,openexchangerates_api
100,MXN,18.476959,2025-11-24 02:20:55,openexchangerates_api
101,MYR,4.1675,2025-11-24 02:20:55,openexchangerates_api
102,MZN,63.909994,2025-11-24 02:20:55,openexchangerates_api
103,NAD,17.367174,2025-11-24 02:20:55,openexchangerates_api
104,NGN,1453.379849,2025-11-24 02:20:55,openexchangerates_api
105,NIO,36.769433,2025-11-24 02:20:55,openexchangerates_api
106,NOK,10.24334,2025-11-24 02:20:55,openexchangerates_api
107,NPR,143.074275,2025-11-24 02:20:55,openexchangerates_api
108,NZD,1.781833,2025-11-24 02:20:55,openexchangerates_api
109,OMR,0.384408,2025-11-24 02:20:55,openexchangerates_api
110,PAB,1.0,2025-11-24 02:20:55,openexchangerates_api
111,PEN,3.377421,2025-11-24 02:20:55,openexchangerates_api
112,PGK,4.228397,2025-11-24 02:20:55,openexchangerates_api
113,PHP,58.787428,2025-11-24 02:20:55,openexchangerates_api
114,PKR,282.357199,2025-11-24 02:20:55,openexchangerates_api
115,PLN,3.682897,2025-11-24 02:20:55,openexchangerates_api
116,PYG,7010.00396,2025-11-24 02:20:55,openexchangerates_api
117,QAR,3.641343,2025-11-24 02:20:55,openexchangerates_api
118,RON,4.4198,2025-11-24 02:20:55,openexchangerates_api
119,RSD,101.875813,2025-11-24 02:20:55,openexchangerates_api
120,RUB,79.05313,2025-11-24 02:20:55,openexchangerates_api
121,RWF,1452.887358,2025-11-24 02:20:55,openexchangerates_api
122,SAR,3.7505,2025-11-24 02:20:55,openexchangerates_api
123,SBD,8.230592,2025-11-24 02:20:55,openexchangerates_api
124,SCR,13.944854,2025-11-24 02:20:55,openexchangerates_api
125,SDG,601.5,2025-11-24 02:20:55,openexchangerates_api
126,SEK,9.544623,2025-11-24 02:20:55,openexchangerates_api
127,SGD,1.307237,2025-11-24 02:20:55,openexchangerates_api
128,SHP,0.763591,2025-11-24 02:20:55,openexchangerates_api
129,SLE,23.375,2025-11-24 02:20:55,openexchangerates_api
130,SLL,20969.5,2025-11-24 02:20:55,openexchangerates_api
131,SOS,570.039072,2025-11-24 02:20:55,openexchangerates_api
132,SRD,38.5525,2025-11-24 02:20:55,openexchangerates_api
133,SSP,130.26,2025-11-24 02:20:55,openexchangerates_api
134,STD,22281.8,2025-11-24 02:20:55,openexchangerates_api
135,STN,21.392731,2025-11-24 02:20:55,openexchangerates_api
136,SVC,8.743378,2025-11-24 02:20:55,openexchangerates_api
137,SYP,13002.0,2025-11-24 02:20:55,openexchangerates_api
138,SZL,17.363439,2025-11-24 02:20:55,openexchangerates_api
139,THB,32.511677,2025-11-24 02:20:55,openexchangerates_api
140,TJS,9.21789,2025-11-24 02:20:55,openexchangerates_api
141,TMT,3.51,2025-11-24 02:20:55,openexchangerates_api
142,TND,2.95007,2025-11-24 02:20:55,openexchangerates_api
143,TOP,2.40776,2025-11-24 02:20:55,openexchangerates_api
144,TRY,42.435833,2025-11-24 02:20:55,openexchangerates_api
145,TTD,6.789405,2025-11-24 02:20:55,openexchangerates_api
146,TWD,31.353099,2025-11-24 02:20:55,openexchangerates_api
147,TZS,2458.099475,2025-11-24 02:20:55,openexchangerates_api
148,UAH,42.267218,2025-11-24 02:20:55,openexchangerates_api
149,UGX,3631.775014,2025-11-24 02:20:55,openexchangerates_api
150,USD,1.0,2025-11-24 02:20:55,openexchangerates_api
151,UYU,39.747588,2025-11-24 02:20:55,openexchangerates_api
152,UZS,11961.793458,2025-11-24 02:20:55,openexchangerates_api
153,VES,241.175926,2025-11-24 02:20:55,openexchangerates_api
154,VND,26353.933782,2025-11-24 02:20:55,openexchangerates_api
155,VUV,122.16,2025-11-24 02:20:55,openexchangerates_api
156,WST,2.816,2025-11-24 02:20:55,openexchangerates_api
157,XAF,570.034305,2025-11-24 02:20:55,openexchangerates_api
158,XAG,0.01994888,2025-11-24 02:20:55,openexchangerates_api
159,XAU,0.00024539,2025-11-24 02:20:55,openexchangerates_api
160,XCD,2.70255,2025-11-24 02:20:55,openexchangerates_api
161,XCG,1.800868,2025-11-24 02:20:55,openexchangerates_api
162,XDR,0.708467,2025-11-24 02:20:55,openexchangerates_api
163,XOF,570.034305,2025-11-24 02:20:55,openexchangerates_api
164,XPD,0.00072052,2025-11-24 02:20:55,openexchangerates_api
165,XPF,103.70068,2025-11-24 02:20:55,openexchangerates_api
166,XPT,0.00065822,2025-11-24 02:20:55,openexchangerates_api
167,YER,238.500107,2025-11-24 02:20:55,openexchangerates_api
168,ZAR,17.371115,2025-11-24 02:20:55,openexchangerates_api
169,ZMW,23.056883,2025-11-24 02:20:55,openexchangerates_api
170,ZWG,26.407,2025-11-24 02:20:55,openexchangerates_api
171,ZWL,322.0,2025-11-24 02:20:55,openexchangerates_api
