,store_id,product_id,quantity,extracted_date,data_source
0,1,1,27,2025-11-24 02:47:01,from_csv_file
1,1,2,5,2025-11-24 02:47:01,from_csv_file
2,1,3,6,2025-11-24 02:47:01,from_csv_file
3,1,4,23,2025-11-24 02:47:01,from_csv_file
4,1,5,22,2025-11-24 02:47:01,from_csv_file
5,1,6,0,2025-11-24 02:47:01,from_csv_file
6,1,7,8,2025-11-24 02:47:01,from_csv_file
7,1,8,0,2025-11-24 02:47:01,from_csv_file
8,1,9,11,2025-11-24 02:47:01,from_csv_file
9,1,10,15,2025-11-24 02:47:01,from_csv_file
10,1,11,8,2025-11-24 02:47:01,from_csv_file
11,1,12,16,2025-11-24 02:47:01,from_csv_file
12,1,13,13,2025-11-24 02:47:01,from_csv_file
13,1,14,8,2025-11-24 02:47:01,from_csv_file
14,1,15,3,2025-11-24 02:47:01,from_csv_file
15,1,16,4,2025-11-24 02:47:01,from_csv_file
16,1,17,2,2025-11-24 02:47:01,from_csv_file
17,1,18,16,2025-11-24 02:47:01,from_csv_file
18,1,19,4,2025-11-24 02:47:01,from_csv_file
19,1,20,26,2025-11-24 02:47:01,from_csv_file
20,1,21,24,2025-11-24 02:47:01,from_csv_file
21,1,22,29,2025-11-24 02:47:01,from_csv_file
22,1,23,9,2025-11-24 02:47:01,from_csv_file
23,1,24,10,2025-11-24 02:47:01,from_csv_file
24,1,25,10,2025-11-24 02:47:01,from_csv_file
25,1,26,16,2025-11-24 02:47:01,from_csv_file
26,1,27,21,2025-11-24 02:47:01,from_csv_file
27,1,28,20,2025-11-24 02:47:01,from_csv_file
28,1,29,13,2025-11-24 02:47:01,from_csv_file
29,1,30,30,2025-11-24 02:47:01,from_csv_file
30,1,31,2,2025-11-24 02:47:01,from_csv_file
31,1,32,0,2025-11-24 02:47:01,from_csv_file
32,1,33,10,2025-11-24 02:47:01,from_csv_file
33,1,34,2,2025-11-24 02:47:01,from_csv_file
34,1,35,18,2025-11-24 02:47:01,from_csv_file
35,1,36,26,2025-11-24 02:47:01,from_csv_file
36,1,37,12,2025-11-24 02:47:01,from_csv_file
37,1,38,13,2025-11-24 02:47:01,from_csv_file
38,1,39,2,2025-11-24 02:47:01,from_csv_file
39,1,40,24,2025-11-24 02:47:01,from_csv_file
40,1,41,10,2025-11-24 02:47:01,from_csv_file
41,1,42,0,2025-11-24 02:47:01,from_csv_file
42,1,43,2,2025-11-24 02:47:01,from_csv_file
43,1,44,1,2025-11-24 02:47:01,from_csv_file
44,1,45,15,2025-11-24 02:47:01,from_csv_file
45,1,46,19,2025-11-24 02:47:01,from_csv_file
46,1,47,21,2025-11-24 02:47:01,from_csv_file
47,1,48,5,2025-11-24 02:47:01,from_csv_file
48,1,49,8,2025-11-24 02:47:01,from_csv_file
49,1,50,29,2025-11-24 02:47:01,from_csv_file
50,1,51,2,2025-11-24 02:47:01,from_csv_file
51,1,52,18,2025-11-24 02:47:01,from_csv_file
52,1,53,17,2025-11-24 02:47:01,from_csv_file
53,1,54,11,2025-11-24 02:47:01,from_csv_file
54,1,55,11,2025-11-24 02:47:01,from_csv_file
55,1,56,15,2025-11-24 02:47:01,from_csv_file
56,1,57,1,2025-11-24 02:47:01,from_csv_file
57,1,58,1,2025-11-24 02:47:01,from_csv_file
58,1,59,22,2025-11-24 02:47:01,from_csv_file
59,1,60,19,2025-11-24 02:47:01,from_csv_file
60,1,61,30,2025-11-24 02:47:01,from_csv_file
61,1,62,21,2025-11-24 02:47:01,from_csv_file
62,1,63,4,2025-11-24 02:47:01,from_csv_file
63,1,64,30,2025-11-24 02:47:01,from_csv_file
64,1,65,10,2025-11-24 02:47:01,from_csv_file
65,1,66,12,2025-11-24 02:47:01,from_csv_file
66,1,67,19,2025-11-24 02:47:01,from_csv_file
67,1,68,30,2025-11-24 02:47:01,from_csv_file
68,1,69,4,2025-11-24 02:47:01,from_csv_file
69,1,70,3,2025-11-24 02:47:01,from_csv_file
70,1,71,25,2025-11-24 02:47:01,from_csv_file
71,1,72,9,2025-11-24 02:47:01,from_csv_file
72,1,73,7,2025-11-24 02:47:01,from_csv_file
73,1,74,9,2025-11-24 02:47:01,from_csv_file
74,1,75,23,2025-11-24 02:47:01,from_csv_file
75,1,76,15,2025-11-24 02:47:01,from_csv_file
76,1,77,16,2025-11-24 02:47:01,from_csv_file
77,1,78,13,2025-11-24 02:47:01,from_csv_file
78,1,79,13,2025-11-24 02:47:01,from_csv_file
79,1,80,11,2025-11-24 02:47:01,from_csv_file
80,1,81,25,2025-11-24 02:47:01,from_csv_file
81,1,82,1,2025-11-24 02:47:01,from_csv_file
82,1,83,13,2025-11-24 02:47:01,from_csv_file
83,1,84,11,2025-11-24 02:47:01,from_csv_file
84,1,85,23,2025-11-24 02:47:01,from_csv_file
85,1,86,19,2025-11-24 02:47:01,from_csv_file
86,1,87,27,2025-11-24 02:47:01,from_csv_file
87,1,88,7,2025-11-24 02:47:01,from_csv_file
88,1,89,9,2025-11-24 02:47:01,from_csv_file
89,1,90,4,2025-11-24 02:47:01,from_csv_file
90,1,91,8,2025-11-24 02:47:01,from_csv_file
91,1,92,0,2025-11-24 02:47:01,from_csv_file
92,1,93,22,2025-11-24 02:47:01,from_csv_file
93,1,94,6,2025-11-24 02:47:01,from_csv_file
94,1,95,25,2025-11-24 02:47:01,from_csv_file
95,1,96,20,2025-11-24 02:47:01,from_csv_file
96,1,97,20,2025-11-24 02:47:01,from_csv_file
97,1,98,28,2025-11-24 02:47:01,from_csv_file
98,1,99,28,2025-11-24 02:47:01,from_csv_file
99,1,100,15,2025-11-24 02:47:01,from_csv_file
100,1,101,17,2025-11-24 02:47:01,from_csv_file
101,1,102,9,2025-11-24 02:47:01,from_csv_file
102,1,103,13,2025-11-24 02:47:01,from_csv_file
103,1,104,25,2025-11-24 02:47:01,from_csv_file
104,1,105,7,2025-11-24 02:47:01,from_csv_file
105,1,106,30,2025-11-24 02:47:01,from_csv_file
106,1,107,20,2025-11-24 02:47:01,from_csv_file
107,1,108,15,2025-11-24 02:47:01,from_csv_file
108,1,109,30,2025-11-24 02:47:01,from_csv_file
109,1,110,1,2025-11-24 02:47:01,from_csv_file
110,1,111,11,2025-11-24 02:47:01,from_csv_file
111,1,112,17,2025-11-24 02:47:01,from_csv_file
112,1,113,24,2025-11-24 02:47:01,from_csv_file
113,1,114,3,2025-11-24 02:47:01,from_csv_file
114,1,115,10,2025-11-24 02:47:01,from_csv_file
115,1,116,24,2025-11-24 02:47:01,from_csv_file
116,1,117,15,2025-11-24 02:47:01,from_csv_file
117,1,118,12,2025-11-24 02:47:01,from_csv_file
118,1,119,17,2025-11-24 02:47:01,from_csv_file
119,1,120,23,2025-11-24 02:47:01,from_csv_file
120,1,121,19,2025-11-24 02:47:01,from_csv_file
121,1,122,22,2025-11-24 02:47:01,from_csv_file
122,1,123,8,2025-11-24 02:47:01,from_csv_file
123,1,124,23,2025-11-24 02:47:01,from_csv_file
124,1,125,22,2025-11-24 02:47:01,from_csv_file
125,1,126,28,2025-11-24 02:47:01,from_csv_file
126,1,127,12,2025-11-24 02:47:01,from_csv_file
127,1,128,11,2025-11-24 02:47:01,from_csv_file
128,1,129,21,2025-11-24 02:47:01,from_csv_file
129,1,130,22,2025-11-24 02:47:01,from_csv_file
130,1,131,20,2025-11-24 02:47:01,from_csv_file
131,1,132,1,2025-11-24 02:47:01,from_csv_file
132,1,133,9,2025-11-24 02:47:01,from_csv_file
133,1,134,26,2025-11-24 02:47:01,from_csv_file
134,1,135,15,2025-11-24 02:47:01,from_csv_file
135,1,136,12,2025-11-24 02:47:01,from_csv_file
136,1,137,12,2025-11-24 02:47:01,from_csv_file
137,1,138,6,2025-11-24 02:47:01,from_csv_file
138,1,139,17,2025-11-24 02:47:01,from_csv_file
139,1,140,3,2025-11-24 02:47:01,from_csv_file
140,1,141,21,2025-11-24 02:47:01,from_csv_file
141,1,142,22,2025-11-24 02:47:01,from_csv_file
142,1,143,19,2025-11-24 02:47:01,from_csv_file
143,1,144,7,2025-11-24 02:47:01,from_csv_file
144,1,145,5,2025-11-24 02:47:01,from_csv_file
145,1,146,6,2025-11-24 02:47:01,from_csv_file
146,1,147,8,2025-11-24 02:47:01,from_csv_file
147,1,148,6,2025-11-24 02:47:01,from_csv_file
148,1,149,1,2025-11-24 02:47:01,from_csv_file
149,1,150,22,2025-11-24 02:47:01,from_csv_file
150,1,151,24,2025-11-24 02:47:01,from_csv_file
151,1,152,12,2025-11-24 02:47:01,from_csv_file
152,1,153,25,2025-11-24 02:47:01,from_csv_file
153,1,154,13,2025-11-24 02:47:01,from_csv_file
154,1,155,8,2025-11-24 02:47:01,from_csv_file
155,1,156,13,2025-11-24 02:47:01,from_csv_file
156,1,157,25,2025-11-24 02:47:01,from_csv_file
157,1,158,11,2025-11-24 02:47:01,from_csv_file
158,1,159,18,2025-11-24 02:47:01,from_csv_file
159,1,160,0,2025-11-24 02:47:01,from_csv_file
160,1,161,17,2025-11-24 02:47:01,from_csv_file
161,1,162,14,2025-11-24 02:47:01,from_csv_file
162,1,163,0,2025-11-24 02:47:01,from_csv_file
163,1,164,15,2025-11-24 02:47:01,from_csv_file
164,1,165,16,2025-11-24 02:47:01,from_csv_file
165,1,166,23,2025-11-24 02:47:01,from_csv_file
166,1,167,28,2025-11-24 02:47:01,from_csv_file
167,1,168,0,2025-11-24 02:47:01,from_csv_file
168,1,169,25,2025-11-24 02:47:01,from_csv_file
169,1,170,14,2025-11-24 02:47:01,from_csv_file
170,1,171,3,2025-11-24 02:47:01,from_csv_file
171,1,172,3,2025-11-24 02:47:01,from_csv_file
172,1,173,2,2025-11-24 02:47:01,from_csv_file
173,1,174,26,2025-11-24 02:47:01,from_csv_file
174,1,175,2,2025-11-24 02:47:01,from_csv_file
175,1,176,11,2025-11-24 02:47:01,from_csv_file
176,1,177,19,2025-11-24 02:47:01,from_csv_file
177,1,178,23,2025-11-24 02:47:01,from_csv_file
178,1,179,16,2025-11-24 02:47:01,from_csv_file
179,1,180,5,2025-11-24 02:47:01,from_csv_file
180,1,181,19,2025-11-24 02:47:01,from_csv_file
181,1,182,28,2025-11-24 02:47:01,from_csv_file
182,1,183,11,2025-11-24 02:47:01,from_csv_file
183,1,184,4,2025-11-24 02:47:01,from_csv_file
184,1,185,3,2025-11-24 02:47:01,from_csv_file
185,1,186,1,2025-11-24 02:47:01,from_csv_file
186,1,187,16,2025-11-24 02:47:01,from_csv_file
187,1,188,30,2025-11-24 02:47:01,from_csv_file
188,1,189,6,2025-11-24 02:47:01,from_csv_file
189,1,190,21,2025-11-24 02:47:01,from_csv_file
190,1,191,21,2025-11-24 02:47:01,from_csv_file
191,1,192,20,2025-11-24 02:47:01,from_csv_file
192,1,193,30,2025-11-24 02:47:01,from_csv_file
193,1,194,24,2025-11-24 02:47:01,from_csv_file
194,1,195,1,2025-11-24 02:47:01,from_csv_file
195,1,196,26,2025-11-24 02:47:01,from_csv_file
196,1,197,22,2025-11-24 02:47:01,from_csv_file
197,1,198,1,2025-11-24 02:47:01,from_csv_file
198,1,199,2,2025-11-24 02:47:01,from_csv_file
199,1,200,27,2025-11-24 02:47:01,from_csv_file
200,1,201,16,2025-11-24 02:47:01,from_csv_file
201,1,202,5,2025-11-24 02:47:01,from_csv_file
202,1,203,4,2025-11-24 02:47:01,from_csv_file
203,1,204,23,2025-11-24 02:47:01,from_csv_file
204,1,205,9,2025-11-24 02:47:01,from_csv_file
205,1,206,10,2025-11-24 02:47:01,from_csv_file
206,1,207,27,2025-11-24 02:47:01,from_csv_file
207,1,208,13,2025-11-24 02:47:01,from_csv_file
208,1,209,22,2025-11-24 02:47:01,from_csv_file
209,1,210,25,2025-11-24 02:47:01,from_csv_file
210,1,211,13,2025-11-24 02:47:01,from_csv_file
211,1,212,17,2025-11-24 02:47:01,from_csv_file
212,1,213,14,2025-11-24 02:47:01,from_csv_file
213,1,214,4,2025-11-24 02:47:01,from_csv_file
214,1,215,1,2025-11-24 02:47:01,from_csv_file
215,1,216,11,2025-11-24 02:47:01,from_csv_file
216,1,217,11,2025-11-24 02:47:01,from_csv_file
217,1,218,27,2025-11-24 02:47:01,from_csv_file
218,1,219,30,2025-11-24 02:47:01,from_csv_file
219,1,220,4,2025-11-24 02:47:01,from_csv_file
220,1,221,7,2025-11-24 02:47:01,from_csv_file
221,1,222,12,2025-11-24 02:47:01,from_csv_file
222,1,223,3,2025-11-24 02:47:01,from_csv_file
223,1,224,16,2025-11-24 02:47:01,from_csv_file
224,1,225,24,2025-11-24 02:47:01,from_csv_file
225,1,226,18,2025-11-24 02:47:01,from_csv_file
226,1,227,19,2025-11-24 02:47:01,from_csv_file
227,1,228,22,2025-11-24 02:47:01,from_csv_file
228,1,229,27,2025-11-24 02:47:01,from_csv_file
229,1,230,7,2025-11-24 02:47:01,from_csv_file
230,1,231,25,2025-11-24 02:47:01,from_csv_file
231,1,232,5,2025-11-24 02:47:01,from_csv_file
232,1,233,5,2025-11-24 02:47:01,from_csv_file
233,1,234,13,2025-11-24 02:47:01,from_csv_file
234,1,235,7,2025-11-24 02:47:01,from_csv_file
235,1,236,18,2025-11-24 02:47:01,from_csv_file
236,1,237,26,2025-11-24 02:47:01,from_csv_file
237,1,238,20,2025-11-24 02:47:01,from_csv_file
238,1,239,28,2025-11-24 02:47:01,from_csv_file
239,1,240,17,2025-11-24 02:47:01,from_csv_file
240,1,241,17,2025-11-24 02:47:01,from_csv_file
241,1,242,10,2025-11-24 02:47:01,from_csv_file
242,1,243,11,2025-11-24 02:47:01,from_csv_file
243,1,244,10,2025-11-24 02:47:01,from_csv_file
244,1,245,3,2025-11-24 02:47:01,from_csv_file
245,1,246,0,2025-11-24 02:47:01,from_csv_file
246,1,247,15,2025-11-24 02:47:01,from_csv_file
247,1,248,14,2025-11-24 02:47:01,from_csv_file
248,1,249,27,2025-11-24 02:47:01,from_csv_file
249,1,250,3,2025-11-24 02:47:01,from_csv_file
250,1,251,2,2025-11-24 02:47:01,from_csv_file
251,1,252,28,2025-11-24 02:47:01,from_csv_file
252,1,253,16,2025-11-24 02:47:01,from_csv_file
253,1,254,24,2025-11-24 02:47:01,from_csv_file
254,1,255,13,2025-11-24 02:47:01,from_csv_file
255,1,256,20,2025-11-24 02:47:01,from_csv_file
256,1,257,17,2025-11-24 02:47:01,from_csv_file
257,1,258,25,2025-11-24 02:47:01,from_csv_file
258,1,259,10,2025-11-24 02:47:01,from_csv_file
259,1,260,20,2025-11-24 02:47:01,from_csv_file
260,1,261,3,2025-11-24 02:47:01,from_csv_file
261,1,262,6,2025-11-24 02:47:01,from_csv_file
262,1,263,21,2025-11-24 02:47:01,from_csv_file
263,1,264,16,2025-11-24 02:47:01,from_csv_file
264,1,265,28,2025-11-24 02:47:01,from_csv_file
265,1,266,1,2025-11-24 02:47:01,from_csv_file
266,1,267,27,2025-11-24 02:47:01,from_csv_file
267,1,268,23,2025-11-24 02:47:01,from_csv_file
268,1,269,22,2025-11-24 02:47:01,from_csv_file
269,1,270,16,2025-11-24 02:47:01,from_csv_file
270,1,271,6,2025-11-24 02:47:01,from_csv_file
271,1,272,14,2025-11-24 02:47:01,from_csv_file
272,1,273,20,2025-11-24 02:47:01,from_csv_file
273,1,274,19,2025-11-24 02:47:01,from_csv_file
274,1,275,28,2025-11-24 02:47:01,from_csv_file
275,1,276,7,2025-11-24 02:47:01,from_csv_file
276,1,277,13,2025-11-24 02:47:01,from_csv_file
277,1,278,17,2025-11-24 02:47:01,from_csv_file
278,1,279,17,2025-11-24 02:47:01,from_csv_file
279,1,280,23,2025-11-24 02:47:01,from_csv_file
280,1,281,11,2025-11-24 02:47:01,from_csv_file
281,1,282,6,2025-11-24 02:47:01,from_csv_file
282,1,283,10,2025-11-24 02:47:01,from_csv_file
283,1,284,27,2025-11-24 02:47:01,from_csv_file
284,1,285,20,2025-11-24 02:47:01,from_csv_file
285,1,286,28,2025-11-24 02:47:01,from_csv_file
286,1,287,2,2025-11-24 02:47:01,from_csv_file
287,1,288,9,2025-11-24 02:47:01,from_csv_file
288,1,289,2,2025-11-24 02:47:01,from_csv_file
289,1,290,8,2025-11-24 02:47:01,from_csv_file
290,1,291,9,2025-11-24 02:47:01,from_csv_file
291,1,292,30,2025-11-24 02:47:01,from_csv_file
292,1,293,18,2025-11-24 02:47:01,from_csv_file
293,1,294,3,2025-11-24 02:47:01,from_csv_file
294,1,295,24,2025-11-24 02:47:01,from_csv_file
295,1,296,9,2025-11-24 02:47:01,from_csv_file
296,1,297,22,2025-11-24 02:47:01,from_csv_file
297,1,298,26,2025-11-24 02:47:01,from_csv_file
298,1,299,18,2025-11-24 02:47:01,from_csv_file
299,1,300,7,2025-11-24 02:47:01,from_csv_file
300,1,301,10,2025-11-24 02:47:01,from_csv_file
301,1,302,0,2025-11-24 02:47:01,from_csv_file
302,1,303,12,2025-11-24 02:47:01,from_csv_file
303,1,304,15,2025-11-24 02:47:01,from_csv_file
304,1,305,23,2025-11-24 02:47:01,from_csv_file
305,1,306,21,2025-11-24 02:47:01,from_csv_file
306,1,307,17,2025-11-24 02:47:01,from_csv_file
307,1,308,23,2025-11-24 02:47:01,from_csv_file
308,1,309,7,2025-11-24 02:47:01,from_csv_file
309,1,310,18,2025-11-24 02:47:01,from_csv_file
310,1,311,20,2025-11-24 02:47:01,from_csv_file
311,1,312,23,2025-11-24 02:47:01,from_csv_file
312,1,313,14,2025-11-24 02:47:01,from_csv_file
313,2,1,14,2025-11-24 02:47:01,from_csv_file
314,2,2,16,2025-11-24 02:47:01,from_csv_file
315,2,3,28,2025-11-24 02:47:01,from_csv_file
316,2,4,2,2025-11-24 02:47:01,from_csv_file
317,2,5,1,2025-11-24 02:47:01,from_csv_file
318,2,6,11,2025-11-24 02:47:01,from_csv_file
319,2,7,8,2025-11-24 02:47:01,from_csv_file
320,2,8,1,2025-11-24 02:47:01,from_csv_file
321,2,9,17,2025-11-24 02:47:01,from_csv_file
322,2,10,13,2025-11-24 02:47:01,from_csv_file
323,2,11,21,2025-11-24 02:47:01,from_csv_file
324,2,12,2,2025-11-24 02:47:01,from_csv_file
325,2,13,1,2025-11-24 02:47:01,from_csv_file
326,2,14,18,2025-11-24 02:47:01,from_csv_file
327,2,15,6,2025-11-24 02:47:01,from_csv_file
328,2,16,20,2025-11-24 02:47:01,from_csv_file
329,2,17,3,2025-11-24 02:47:01,from_csv_file
330,2,18,13,2025-11-24 02:47:01,from_csv_file
331,2,19,15,2025-11-24 02:47:01,from_csv_file
332,2,20,20,2025-11-24 02:47:01,from_csv_file
333,2,21,16,2025-11-24 02:47:01,from_csv_file
334,2,22,0,2025-11-24 02:47:01,from_csv_file
335,2,23,12,2025-11-24 02:47:01,from_csv_file
336,2,24,16,2025-11-24 02:47:01,from_csv_file
337,2,25,18,2025-11-24 02:47:01,from_csv_file
338,2,26,2,2025-11-24 02:47:01,from_csv_file
339,2,27,10,2025-11-24 02:47:01,from_csv_file
340,2,28,25,2025-11-24 02:47:01,from_csv_file
341,2,29,29,2025-11-24 02:47:01,from_csv_file
342,2,30,17,2025-11-24 02:47:01,from_csv_file
343,2,31,10,2025-11-24 02:47:01,from_csv_file
344,2,32,13,2025-11-24 02:47:01,from_csv_file
345,2,33,8,2025-11-24 02:47:01,from_csv_file
346,2,34,24,2025-11-24 02:47:01,from_csv_file
347,2,35,25,2025-11-24 02:47:01,from_csv_file
348,2,36,15,2025-11-24 02:47:01,from_csv_file
349,2,37,5,2025-11-24 02:47:01,from_csv_file
350,2,38,18,2025-11-24 02:47:01,from_csv_file
351,2,39,28,2025-11-24 02:47:01,from_csv_file
352,2,40,15,2025-11-24 02:47:01,from_csv_file
353,2,41,6,2025-11-24 02:47:01,from_csv_file
354,2,42,16,2025-11-24 02:47:01,from_csv_file
355,2,43,2,2025-11-24 02:47:01,from_csv_file
356,2,44,24,2025-11-24 02:47:01,from_csv_file
357,2,45,13,2025-11-24 02:47:01,from_csv_file
358,2,46,18,2025-11-24 02:47:01,from_csv_file
359,2,47,0,2025-11-24 02:47:01,from_csv_file
360,2,48,20,2025-11-24 02:47:01,from_csv_file
361,2,49,4,2025-11-24 02:47:01,from_csv_file
362,2,50,7,2025-11-24 02:47:01,from_csv_file
363,2,51,8,2025-11-24 02:47:01,from_csv_file
364,2,52,23,2025-11-24 02:47:01,from_csv_file
365,2,53,19,2025-11-24 02:47:01,from_csv_file
366,2,54,6,2025-11-24 02:47:01,from_csv_file
367,2,55,5,2025-11-24 02:47:01,from_csv_file
368,2,56,20,2025-11-24 02:47:01,from_csv_file
369,2,57,27,2025-11-24 02:47:01,from_csv_file
370,2,58,15,2025-11-24 02:47:01,from_csv_file
371,2,59,17,2025-11-24 02:47:01,from_csv_file
372,2,60,1,2025-11-24 02:47:01,from_csv_file
373,2,61,20,2025-11-24 02:47:01,from_csv_file
374,2,62,4,2025-11-24 02:47:01,from_csv_file
375,2,63,5,2025-11-24 02:47:01,from_csv_file
376,2,64,30,2025-11-24 02:47:01,from_csv_file
377,2,65,16,2025-11-24 02:47:01,from_csv_file
378,2,66,22,2025-11-24 02:47:01,from_csv_file
379,2,67,8,2025-11-24 02:47:01,from_csv_file
380,2,68,23,2025-11-24 02:47:01,from_csv_file
381,2,69,22,2025-11-24 02:47:01,from_csv_file
382,2,70,6,2025-11-24 02:47:01,from_csv_file
383,2,71,30,2025-11-24 02:47:01,from_csv_file
384,2,72,1,2025-11-24 02:47:01,from_csv_file
385,2,73,20,2025-11-24 02:47:01,from_csv_file
386,2,74,23,2025-11-24 02:47:01,from_csv_file
387,2,75,11,2025-11-24 02:47:01,from_csv_file
388,2,76,20,2025-11-24 02:47:01,from_csv_file
389,2,77,25,2025-11-24 02:47:01,from_csv_file
390,2,78,4,2025-11-24 02:47:01,from_csv_file
391,2,79,29,2025-11-24 02:47:01,from_csv_file
392,2,80,27,2025-11-24 02:47:01,from_csv_file
393,2,81,19,2025-11-24 02:47:01,from_csv_file
394,2,82,4,2025-11-24 02:47:01,from_csv_file
395,2,83,21,2025-11-24 02:47:01,from_csv_file
396,2,84,22,2025-11-24 02:47:01,from_csv_file
397,2,85,6,2025-11-24 02:47:01,from_csv_file
398,2,86,24,2025-11-24 02:47:01,from_csv_file
399,2,87,14,2025-11-24 02:47:01,from_csv_file
400,2,88,8,2025-11-24 02:47:01,from_csv_file
401,2,89,8,2025-11-24 02:47:01,from_csv_file
402,2,90,26,2025-11-24 02:47:01,from_csv_file
403,2,91,0,2025-11-24 02:47:01,from_csv_file
404,2,92,22,2025-11-24 02:47:01,from_csv_file
405,2,93,22,2025-11-24 02:47:01,from_csv_file
406,2,94,2,2025-11-24 02:47:01,from_csv_file
407,2,95,10,2025-11-24 02:47:01,from_csv_file
408,2,96,22,2025-11-24 02:47:01,from_csv_file
409,2,97,15,2025-11-24 02:47:01,from_csv_file
410,2,98,14,2025-11-24 02:47:01,from_csv_file
411,2,99,24,2025-11-24 02:47:01,from_csv_file
412,2,100,12,2025-11-24 02:47:01,from_csv_file
413,2,101,4,2025-11-24 02:47:01,from_csv_file
414,2,102,12,2025-11-24 02:47:01,from_csv_file
415,2,103,1,2025-11-24 02:47:01,from_csv_file
416,2,104,26,2025-11-24 02:47:01,from_csv_file
417,2,105,3,2025-11-24 02:47:01,from_csv_file
418,2,106,7,2025-11-24 02:47:01,from_csv_file
419,2,107,29,2025-11-24 02:47:01,from_csv_file
420,2,108,29,2025-11-24 02:47:01,from_csv_file
421,2,109,25,2025-11-24 02:47:01,from_csv_file
422,2,110,7,2025-11-24 02:47:01,from_csv_file
423,2,111,6,2025-11-24 02:47:01,from_csv_file
424,2,112,1,2025-11-24 02:47:01,from_csv_file
425,2,113,7,2025-11-24 02:47:01,from_csv_file
426,2,114,12,2025-11-24 02:47:01,from_csv_file
427,2,115,19,2025-11-24 02:47:01,from_csv_file
428,2,116,17,2025-11-24 02:47:01,from_csv_file
429,2,117,18,2025-11-24 02:47:01,from_csv_file
430,2,118,25,2025-11-24 02:47:01,from_csv_file
431,2,119,23,2025-11-24 02:47:01,from_csv_file
432,2,120,16,2025-11-24 02:47:01,from_csv_file
433,2,121,3,2025-11-24 02:47:01,from_csv_file
434,2,122,11,2025-11-24 02:47:01,from_csv_file
435,2,123,18,2025-11-24 02:47:01,from_csv_file
436,2,124,4,2025-11-24 02:47:01,from_csv_file
437,2,125,10,2025-11-24 02:47:01,from_csv_file
438,2,126,13,2025-11-24 02:47:01,from_csv_file
439,2,127,12,2025-11-24 02:47:01,from_csv_file
440,2,128,28,2025-11-24 02:47:01,from_csv_file
441,2,129,21,2025-11-24 02:47:01,from_csv_file
442,2,130,17,2025-11-24 02:47:01,from_csv_file
443,2,131,9,2025-11-24 02:47:01,from_csv_file
444,2,132,6,2025-11-24 02:47:01,from_csv_file
445,2,133,28,2025-11-24 02:47:01,from_csv_file
446,2,134,13,2025-11-24 02:47:01,from_csv_file
447,2,135,30,2025-11-24 02:47:01,from_csv_file
448,2,136,8,2025-11-24 02:47:01,from_csv_file
449,2,137,1,2025-11-24 02:47:01,from_csv_file
450,2,138,16,2025-11-24 02:47:01,from_csv_file
451,2,139,24,2025-11-24 02:47:01,from_csv_file
452,2,140,13,2025-11-24 02:47:01,from_csv_file
453,2,141,28,2025-11-24 02:47:01,from_csv_file
454,2,142,24,2025-11-24 02:47:01,from_csv_file
455,2,143,12,2025-11-24 02:47:01,from_csv_file
456,2,144,4,2025-11-24 02:47:01,from_csv_file
457,2,145,23,2025-11-24 02:47:01,from_csv_file
458,2,146,3,2025-11-24 02:47:01,from_csv_file
459,2,147,13,2025-11-24 02:47:01,from_csv_file
460,2,148,27,2025-11-24 02:47:01,from_csv_file
461,2,149,22,2025-11-24 02:47:01,from_csv_file
462,2,150,7,2025-11-24 02:47:01,from_csv_file
463,2,151,2,2025-11-24 02:47:01,from_csv_file
464,2,152,21,2025-11-24 02:47:01,from_csv_file
465,2,153,21,2025-11-24 02:47:01,from_csv_file
466,2,154,9,2025-11-24 02:47:01,from_csv_file
467,2,155,21,2025-11-24 02:47:01,from_csv_file
468,2,156,8,2025-11-24 02:47:01,from_csv_file
469,2,157,28,2025-11-24 02:47:01,from_csv_file
470,2,158,0,2025-11-24 02:47:01,from_csv_file
471,2,159,30,2025-11-24 02:47:01,from_csv_file
472,2,160,4,2025-11-24 02:47:01,from_csv_file
473,2,161,9,2025-11-24 02:47:01,from_csv_file
474,2,162,18,2025-11-24 02:47:01,from_csv_file
475,2,163,30,2025-11-24 02:47:01,from_csv_file
476,2,164,9,2025-11-24 02:47:01,from_csv_file
477,2,165,6,2025-11-24 02:47:01,from_csv_file
478,2,166,27,2025-11-24 02:47:01,from_csv_file
479,2,167,1,2025-11-24 02:47:01,from_csv_file
480,2,168,29,2025-11-24 02:47:01,from_csv_file
481,2,169,1,2025-11-24 02:47:01,from_csv_file
482,2,170,2,2025-11-24 02:47:01,from_csv_file
483,2,171,28,2025-11-24 02:47:01,from_csv_file
484,2,172,16,2025-11-24 02:47:01,from_csv_file
485,2,173,17,2025-11-24 02:47:01,from_csv_file
486,2,174,8,2025-11-24 02:47:01,from_csv_file
487,2,175,0,2025-11-24 02:47:01,from_csv_file
488,2,176,26,2025-11-24 02:47:01,from_csv_file
489,2,177,9,2025-11-24 02:47:01,from_csv_file
490,2,178,1,2025-11-24 02:47:01,from_csv_file
491,2,179,16,2025-11-24 02:47:01,from_csv_file
492,2,180,3,2025-11-24 02:47:01,from_csv_file
493,2,181,29,2025-11-24 02:47:01,from_csv_file
494,2,182,21,2025-11-24 02:47:01,from_csv_file
495,2,183,26,2025-11-24 02:47:01,from_csv_file
496,2,184,0,2025-11-24 02:47:01,from_csv_file
497,2,185,4,2025-11-24 02:47:01,from_csv_file
498,2,186,16,2025-11-24 02:47:01,from_csv_file
499,2,187,10,2025-11-24 02:47:01,from_csv_file
500,2,188,27,2025-11-24 02:47:01,from_csv_file
501,2,189,13,2025-11-24 02:47:01,from_csv_file
502,2,190,18,2025-11-24 02:47:01,from_csv_file
503,2,191,15,2025-11-24 02:47:01,from_csv_file
504,2,192,0,2025-11-24 02:47:01,from_csv_file
505,2,193,21,2025-11-24 02:47:01,from_csv_file
506,2,194,15,2025-11-24 02:47:01,from_csv_file
507,2,195,19,2025-11-24 02:47:01,from_csv_file
508,2,196,28,2025-11-24 02:47:01,from_csv_file
509,2,197,10,2025-11-24 02:47:01,from_csv_file
510,2,198,0,2025-11-24 02:47:01,from_csv_file
511,2,199,13,2025-11-24 02:47:01,from_csv_file
512,2,200,11,2025-11-24 02:47:01,from_csv_file
513,2,201,24,2025-11-24 02:47:01,from_csv_file
514,2,202,1,2025-11-24 02:47:01,from_csv_file
515,2,203,7,2025-11-24 02:47:01,from_csv_file
516,2,204,25,2025-11-24 02:47:01,from_csv_file
517,2,205,13,2025-11-24 02:47:01,from_csv_file
518,2,206,9,2025-11-24 02:47:01,from_csv_file
519,2,207,8,2025-11-24 02:47:01,from_csv_file
520,2,208,12,2025-11-24 02:47:01,from_csv_file
521,2,209,11,2025-11-24 02:47:01,from_csv_file
522,2,210,10,2025-11-24 02:47:01,from_csv_file
523,2,211,4,2025-11-24 02:47:01,from_csv_file
524,2,212,22,2025-11-24 02:47:01,from_csv_file
525,2,213,10,2025-11-24 02:47:01,from_csv_file
526,2,214,7,2025-11-24 02:47:01,from_csv_file
527,2,215,11,2025-11-24 02:47:01,from_csv_file
528,2,216,19,2025-11-24 02:47:01,from_csv_file
529,2,217,22,2025-11-24 02:47:01,from_csv_file
530,2,218,26,2025-11-24 02:47:01,from_csv_file
531,2,219,16,2025-11-24 02:47:01,from_csv_file
532,2,220,6,2025-11-24 02:47:01,from_csv_file
533,2,221,12,2025-11-24 02:47:01,from_csv_file
534,2,222,30,2025-11-24 02:47:01,from_csv_file
535,2,223,7,2025-11-24 02:47:01,from_csv_file
536,2,224,4,2025-11-24 02:47:01,from_csv_file
537,2,225,11,2025-11-24 02:47:01,from_csv_file
538,2,226,5,2025-11-24 02:47:01,from_csv_file
539,2,227,12,2025-11-24 02:47:01,from_csv_file
540,2,228,7,2025-11-24 02:47:01,from_csv_file
541,2,229,29,2025-11-24 02:47:01,from_csv_file
542,2,230,25,2025-11-24 02:47:01,from_csv_file
543,2,231,8,2025-11-24 02:47:01,from_csv_file
544,2,232,11,2025-11-24 02:47:01,from_csv_file
545,2,233,25,2025-11-24 02:47:01,from_csv_file
546,2,234,12,2025-11-24 02:47:01,from_csv_file
547,2,235,4,2025-11-24 02:47:01,from_csv_file
548,2,236,7,2025-11-24 02:47:01,from_csv_file
549,2,237,30,2025-11-24 02:47:01,from_csv_file
550,2,238,6,2025-11-24 02:47:01,from_csv_file
551,2,239,17,2025-11-24 02:47:01,from_csv_file
552,2,240,19,2025-11-24 02:47:01,from_csv_file
553,2,241,24,2025-11-24 02:47:01,from_csv_file
554,2,242,2,2025-11-24 02:47:01,from_csv_file
555,2,243,18,2025-11-24 02:47:01,from_csv_file
556,2,244,1,2025-11-24 02:47:01,from_csv_file
557,2,245,18,2025-11-24 02:47:01,from_csv_file
558,2,246,10,2025-11-24 02:47:01,from_csv_file
559,2,247,16,2025-11-24 02:47:01,from_csv_file
560,2,248,26,2025-11-24 02:47:01,from_csv_file
561,2,249,10,2025-11-24 02:47:01,from_csv_file
562,2,250,23,2025-11-24 02:47:01,from_csv_file
563,2,251,0,2025-11-24 02:47:01,from_csv_file
564,2,252,20,2025-11-24 02:47:01,from_csv_file
565,2,253,29,2025-11-24 02:47:01,from_csv_file
566,2,254,7,2025-11-24 02:47:01,from_csv_file
567,2,255,12,2025-11-24 02:47:01,from_csv_file
568,2,256,8,2025-11-24 02:47:01,from_csv_file
569,2,257,5,2025-11-24 02:47:01,from_csv_file
570,2,258,10,2025-11-24 02:47:01,from_csv_file
571,2,259,16,2025-11-24 02:47:01,from_csv_file
572,2,260,20,2025-11-24 02:47:01,from_csv_file
573,2,261,4,2025-11-24 02:47:01,from_csv_file
574,2,262,8,2025-11-24 02:47:01,from_csv_file
575,2,263,4,2025-11-24 02:47:01,from_csv_file
576,2,264,13,2025-11-24 02:47:01,from_csv_file
577,2,265,4,2025-11-24 02:47:01,from_csv_file
578,2,266,18,2025-11-24 02:47:01,from_csv_file
579,2,267,21,2025-11-24 02:47:01,from_csv_file
580,2,268,3,2025-11-24 02:47:01,from_csv_file
581,2,269,4,2025-11-24 02:47:01,from_csv_file
582,2,270,15,2025-11-24 02:47:01,from_csv_file
583,2,271,26,2025-11-24 02:47:01,from_csv_file
584,2,272,1,2025-11-24 02:47:01,from_csv_file
585,2,273,28,2025-11-24 02:47:01,from_csv_file
586,2,274,15,2025-11-24 02:47:01,from_csv_file
587,2,275,3,2025-11-24 02:47:01,from_csv_file
588,2,276,9,2025-11-24 02:47:01,from_csv_file
589,2,277,4,2025-11-24 02:47:01,from_csv_file
590,2,278,8,2025-11-24 02:47:01,from_csv_file
591,2,279,18,2025-11-24 02:47:01,from_csv_file
592,2,280,11,2025-11-24 02:47:01,from_csv_file
593,2,281,3,2025-11-24 02:47:01,from_csv_file
594,2,282,8,2025-11-24 02:47:01,from_csv_file
595,2,283,28,2025-11-24 02:47:01,from_csv_file
596,2,284,6,2025-11-24 02:47:01,from_csv_file
597,2,285,22,2025-11-24 02:47:01,from_csv_file
598,2,286,3,2025-11-24 02:47:01,from_csv_file
599,2,287,15,2025-11-24 02:47:01,from_csv_file
600,2,288,13,2025-11-24 02:47:01,from_csv_file
601,2,289,5,2025-11-24 02:47:01,from_csv_file
602,2,290,29,2025-11-24 02:47:01,from_csv_file
603,2,291,22,2025-11-24 02:47:01,from_csv_file
604,2,292,22,2025-11-24 02:47:01,from_csv_file
605,2,293,12,2025-11-24 02:47:01,from_csv_file
606,2,294,7,2025-11-24 02:47:01,from_csv_file
607,2,295,15,2025-11-24 02:47:01,from_csv_file
608,2,296,8,2025-11-24 02:47:01,from_csv_file
609,2,297,7,2025-11-24 02:47:01,from_csv_file
610,2,298,27,2025-11-24 02:47:01,from_csv_file
611,2,299,0,2025-11-24 02:47:01,from_csv_file
612,2,300,13,2025-11-24 02:47:01,from_csv_file
613,2,301,26,2025-11-24 02:47:01,from_csv_file
614,2,302,6,2025-11-24 02:47:01,from_csv_file
615,2,303,23,2025-11-24 02:47:01,from_csv_file
616,2,304,6,2025-11-24 02:47:01,from_csv_file
617,2,305,21,2025-11-24 02:47:01,from_csv_file
618,2,306,17,2025-11-24 02:47:01,from_csv_file
619,2,307,18,2025-11-24 02:47:01,from_csv_file
620,2,308,15,2025-11-24 02:47:01,from_csv_file
621,2,309,9,2025-11-24 02:47:01,from_csv_file
622,2,310,5,2025-11-24 02:47:01,from_csv_file
623,2,311,27,2025-11-24 02:47:01,from_csv_file
624,2,312,2,2025-11-24 02:47:01,from_csv_file
625,2,313,24,2025-11-24 02:47:01,from_csv_file
626,3,1,14,2025-11-24 02:47:01,from_csv_file
627,3,2,24,2025-11-24 02:47:01,from_csv_file
628,3,3,0,2025-11-24 02:47:01,from_csv_file
629,3,4,11,2025-11-24 02:47:01,from_csv_file
630,3,5,3,2025-11-24 02:47:01,from_csv_file
631,3,6,27,2025-11-24 02:47:01,from_csv_file
632,3,7,12,2025-11-24 02:47:01,from_csv_file
633,3,8,12,2025-11-24 02:47:01,from_csv_file
634,3,9,23,2025-11-24 02:47:01,from_csv_file
635,3,10,21,2025-11-24 02:47:01,from_csv_file
636,3,11,30,2025-11-24 02:47:01,from_csv_file
637,3,12,30,2025-11-24 02:47:01,from_csv_file
638,3,13,19,2025-11-24 02:47:01,from_csv_file
639,3,14,4,2025-11-24 02:47:01,from_csv_file
640,3,15,22,2025-11-24 02:47:01,from_csv_file
641,3,16,19,2025-11-24 02:47:01,from_csv_file
642,3,17,22,2025-11-24 02:47:01,from_csv_file
643,3,18,5,2025-11-24 02:47:01,from_csv_file
644,3,19,24,2025-11-24 02:47:01,from_csv_file
645,3,20,19,2025-11-24 02:47:01,from_csv_file
646,3,21,8,2025-11-24 02:47:01,from_csv_file
647,3,22,20,2025-11-24 02:47:01,from_csv_file
648,3,23,8,2025-11-24 02:47:01,from_csv_file
649,3,24,18,2025-11-24 02:47:01,from_csv_file
650,3,25,15,2025-11-24 02:47:01,from_csv_file
651,3,26,27,2025-11-24 02:47:01,from_csv_file
652,3,27,21,2025-11-24 02:47:01,from_csv_file
653,3,28,20,2025-11-24 02:47:01,from_csv_file
654,3,29,11,2025-11-24 02:47:01,from_csv_file
655,3,30,23,2025-11-24 02:47:01,from_csv_file
656,3,31,10,2025-11-24 02:47:01,from_csv_file
657,3,32,14,2025-11-24 02:47:01,from_csv_file
658,3,33,14,2025-11-24 02:47:01,from_csv_file
659,3,34,6,2025-11-24 02:47:01,from_csv_file
660,3,35,3,2025-11-24 02:47:01,from_csv_file
661,3,36,28,2025-11-24 02:47:01,from_csv_file
662,3,37,30,2025-11-24 02:47:01,from_csv_file
663,3,38,23,2025-11-24 02:47:01,from_csv_file
664,3,39,22,2025-11-24 02:47:01,from_csv_file
665,3,40,2,2025-11-24 02:47:01,from_csv_file
666,3,41,25,2025-11-24 02:47:01,from_csv_file
667,3,42,9,2025-11-24 02:47:01,from_csv_file
668,3,43,26,2025-11-24 02:47:01,from_csv_file
669,3,44,26,2025-11-24 02:47:01,from_csv_file
670,3,45,1,2025-11-24 02:47:01,from_csv_file
671,3,46,16,2025-11-24 02:47:01,from_csv_file
672,3,47,14,2025-11-24 02:47:01,from_csv_file
673,3,48,2,2025-11-24 02:47:01,from_csv_file
674,3,49,4,2025-11-24 02:47:01,from_csv_file
675,3,50,25,2025-11-24 02:47:01,from_csv_file
676,3,51,2,2025-11-24 02:47:01,from_csv_file
677,3,52,8,2025-11-24 02:47:01,from_csv_file
678,3,53,6,2025-11-24 02:47:01,from_csv_file
679,3,54,13,2025-11-24 02:47:01,from_csv_file
680,3,55,5,2025-11-24 02:47:01,from_csv_file
681,3,56,19,2025-11-24 02:47:01,from_csv_file
682,3,57,9,2025-11-24 02:47:01,from_csv_file
683,3,58,27,2025-11-24 02:47:01,from_csv_file
684,3,59,0,2025-11-24 02:47:01,from_csv_file
685,3,60,7,2025-11-24 02:47:01,from_csv_file
686,3,61,28,2025-11-24 02:47:01,from_csv_file
687,3,62,4,2025-11-24 02:47:01,from_csv_file
688,3,63,8,2025-11-24 02:47:01,from_csv_file
689,3,64,22,2025-11-24 02:47:01,from_csv_file
690,3,65,1,2025-11-24 02:47:01,from_csv_file
691,3,66,3,2025-11-24 02:47:01,from_csv_file
692,3,67,6,2025-11-24 02:47:01,from_csv_file
693,3,68,18,2025-11-24 02:47:01,from_csv_file
694,3,69,29,2025-11-24 02:47:01,from_csv_file
695,3,70,2,2025-11-24 02:47:01,from_csv_file
696,3,71,13,2025-11-24 02:47:01,from_csv_file
697,3,72,6,2025-11-24 02:47:01,from_csv_file
698,3,73,3,2025-11-24 02:47:01,from_csv_file
699,3,74,17,2025-11-24 02:47:01,from_csv_file
700,3,75,29,2025-11-24 02:47:01,from_csv_file
701,3,76,23,2025-11-24 02:47:01,from_csv_file
702,3,77,23,2025-11-24 02:47:01,from_csv_file
703,3,78,19,2025-11-24 02:47:01,from_csv_file
704,3,79,29,2025-11-24 02:47:01,from_csv_file
705,3,80,22,2025-11-24 02:47:01,from_csv_file
706,3,81,18,2025-11-24 02:47:01,from_csv_file
707,3,82,7,2025-11-24 02:47:01,from_csv_file
708,3,83,23,2025-11-24 02:47:01,from_csv_file
709,3,84,15,2025-11-24 02:47:01,from_csv_file
710,3,85,15,2025-11-24 02:47:01,from_csv_file
711,3,86,27,2025-11-24 02:47:01,from_csv_file
712,3,87,16,2025-11-24 02:47:01,from_csv_file
713,3,88,28,2025-11-24 02:47:01,from_csv_file
714,3,89,22,2025-11-24 02:47:01,from_csv_file
715,3,90,9,2025-11-24 02:47:01,from_csv_file
716,3,91,8,2025-11-24 02:47:01,from_csv_file
717,3,92,28,2025-11-24 02:47:01,from_csv_file
718,3,93,18,2025-11-24 02:47:01,from_csv_file
719,3,94,15,2025-11-24 02:47:01,from_csv_file
720,3,95,14,2025-11-24 02:47:01,from_csv_file
721,3,96,1,2025-11-24 02:47:01,from_csv_file
722,3,97,28,2025-11-24 02:47:01,from_csv_file
723,3,98,5,2025-11-24 02:47:01,from_csv_file
724,3,99,19,2025-11-24 02:47:01,from_csv_file
725,3,100,28,2025-11-24 02:47:01,from_csv_file
726,3,101,17,2025-11-24 02:47:01,from_csv_file
727,3,102,22,2025-11-24 02:47:01,from_csv_file
728,3,103,10,2025-11-24 02:47:01,from_csv_file
729,3,104,22,2025-11-24 02:47:01,from_csv_file
730,3,105,1,2025-11-24 02:47:01,from_csv_file
731,3,106,1,2025-11-24 02:47:01,from_csv_file
732,3,107,11,2025-11-24 02:47:01,from_csv_file
733,3,108,23,2025-11-24 02:47:01,from_csv_file
734,3,109,24,2025-11-24 02:47:01,from_csv_file
735,3,110,11,2025-11-24 02:47:01,from_csv_file
736,3,111,29,2025-11-24 02:47:01,from_csv_file
737,3,112,24,2025-11-24 02:47:01,from_csv_file
738,3,113,23,2025-11-24 02:47:01,from_csv_file
739,3,114,12,2025-11-24 02:47:01,from_csv_file
740,3,115,25,2025-11-24 02:47:01,from_csv_file
741,3,116,30,2025-11-24 02:47:01,from_csv_file
742,3,117,23,2025-11-24 02:47:01,from_csv_file
743,3,118,9,2025-11-24 02:47:01,from_csv_file
744,3,119,29,2025-11-24 02:47:01,from_csv_file
745,3,120,25,2025-11-24 02:47:01,from_csv_file
746,3,121,4,2025-11-24 02:47:01,from_csv_file
747,3,122,8,2025-11-24 02:47:01,from_csv_file
748,3,123,15,2025-11-24 02:47:01,from_csv_file
749,3,124,11,2025-11-24 02:47:01,from_csv_file
750,3,125,2,2025-11-24 02:47:01,from_csv_file
751,3,126,5,2025-11-24 02:47:01,from_csv_file
752,3,127,4,2025-11-24 02:47:01,from_csv_file
753,3,128,20,2025-11-24 02:47:01,from_csv_file
754,3,129,10,2025-11-24 02:47:01,from_csv_file
755,3,130,20,2025-11-24 02:47:01,from_csv_file
756,3,131,23,2025-11-24 02:47:01,from_csv_file
757,3,132,16,2025-11-24 02:47:01,from_csv_file
758,3,133,16,2025-11-24 02:47:01,from_csv_file
759,3,134,17,2025-11-24 02:47:01,from_csv_file
760,3,135,15,2025-11-24 02:47:01,from_csv_file
761,3,136,4,2025-11-24 02:47:01,from_csv_file
762,3,137,17,2025-11-24 02:47:01,from_csv_file
763,3,138,17,2025-11-24 02:47:01,from_csv_file
764,3,139,21,2025-11-24 02:47:01,from_csv_file
765,3,140,3,2025-11-24 02:47:01,from_csv_file
766,3,141,4,2025-11-24 02:47:01,from_csv_file
767,3,142,29,2025-11-24 02:47:01,from_csv_file
768,3,143,9,2025-11-24 02:47:01,from_csv_file
769,3,144,9,2025-11-24 02:47:01,from_csv_file
770,3,145,11,2025-11-24 02:47:01,from_csv_file
771,3,146,9,2025-11-24 02:47:01,from_csv_file
772,3,147,3,2025-11-24 02:47:01,from_csv_file
773,3,148,6,2025-11-24 02:47:01,from_csv_file
774,3,149,1,2025-11-24 02:47:01,from_csv_file
775,3,150,21,2025-11-24 02:47:01,from_csv_file
776,3,151,1,2025-11-24 02:47:01,from_csv_file
777,3,152,1,2025-11-24 02:47:01,from_csv_file
778,3,153,7,2025-11-24 02:47:01,from_csv_file
779,3,154,22,2025-11-24 02:47:01,from_csv_file
780,3,155,25,2025-11-24 02:47:01,from_csv_file
781,3,156,14,2025-11-24 02:47:01,from_csv_file
782,3,157,12,2025-11-24 02:47:01,from_csv_file
783,3,158,17,2025-11-24 02:47:01,from_csv_file
784,3,159,6,2025-11-24 02:47:01,from_csv_file
785,3,160,27,2025-11-24 02:47:01,from_csv_file
786,3,161,11,2025-11-24 02:47:01,from_csv_file
787,3,162,11,2025-11-24 02:47:01,from_csv_file
788,3,163,11,2025-11-24 02:47:01,from_csv_file
789,3,164,18,2025-11-24 02:47:01,from_csv_file
790,3,165,19,2025-11-24 02:47:01,from_csv_file
791,3,166,27,2025-11-24 02:47:01,from_csv_file
792,3,167,8,2025-11-24 02:47:01,from_csv_file
793,3,168,23,2025-11-24 02:47:01,from_csv_file
794,3,169,3,2025-11-24 02:47:01,from_csv_file
795,3,170,13,2025-11-24 02:47:01,from_csv_file
796,3,171,11,2025-11-24 02:47:01,from_csv_file
797,3,172,22,2025-11-24 02:47:01,from_csv_file
798,3,173,15,2025-11-24 02:47:01,from_csv_file
799,3,174,1,2025-11-24 02:47:01,from_csv_file
800,3,175,3,2025-11-24 02:47:01,from_csv_file
801,3,176,6,2025-11-24 02:47:01,from_csv_file
802,3,177,2,2025-11-24 02:47:01,from_csv_file
803,3,178,12,2025-11-24 02:47:01,from_csv_file
804,3,179,20,2025-11-24 02:47:01,from_csv_file
805,3,180,6,2025-11-24 02:47:01,from_csv_file
806,3,181,8,2025-11-24 02:47:01,from_csv_file
807,3,182,28,2025-11-24 02:47:01,from_csv_file
808,3,183,26,2025-11-24 02:47:01,from_csv_file
809,3,184,21,2025-11-24 02:47:01,from_csv_file
810,3,185,15,2025-11-24 02:47:01,from_csv_file
811,3,186,30,2025-11-24 02:47:01,from_csv_file
812,3,187,2,2025-11-24 02:47:01,from_csv_file
813,3,188,29,2025-11-24 02:47:01,from_csv_file
814,3,189,20,2025-11-24 02:47:01,from_csv_file
815,3,190,20,2025-11-24 02:47:01,from_csv_file
816,3,191,23,2025-11-24 02:47:01,from_csv_file
817,3,192,10,2025-11-24 02:47:01,from_csv_file
818,3,193,5,2025-11-24 02:47:01,from_csv_file
819,3,194,20,2025-11-24 02:47:01,from_csv_file
820,3,195,20,2025-11-24 02:47:01,from_csv_file
821,3,196,25,2025-11-24 02:47:01,from_csv_file
822,3,197,8,2025-11-24 02:47:01,from_csv_file
823,3,198,27,2025-11-24 02:47:01,from_csv_file
824,3,199,5,2025-11-24 02:47:01,from_csv_file
825,3,200,29,2025-11-24 02:47:01,from_csv_file
826,3,201,30,2025-11-24 02:47:01,from_csv_file
827,3,202,11,2025-11-24 02:47:01,from_csv_file
828,3,203,6,2025-11-24 02:47:01,from_csv_file
829,3,204,16,2025-11-24 02:47:01,from_csv_file
830,3,205,3,2025-11-24 02:47:01,from_csv_file
831,3,206,29,2025-11-24 02:47:01,from_csv_file
832,3,207,29,2025-11-24 02:47:01,from_csv_file
833,3,208,12,2025-11-24 02:47:01,from_csv_file
834,3,209,1,2025-11-24 02:47:01,from_csv_file
835,3,210,22,2025-11-24 02:47:01,from_csv_file
836,3,211,3,2025-11-24 02:47:01,from_csv_file
837,3,212,23,2025-11-24 02:47:01,from_csv_file
838,3,213,10,2025-11-24 02:47:01,from_csv_file
839,3,214,30,2025-11-24 02:47:01,from_csv_file
840,3,215,12,2025-11-24 02:47:01,from_csv_file
841,3,216,5,2025-11-24 02:47:01,from_csv_file
842,3,217,4,2025-11-24 02:47:01,from_csv_file
843,3,218,21,2025-11-24 02:47:01,from_csv_file
844,3,219,29,2025-11-24 02:47:01,from_csv_file
845,3,220,0,2025-11-24 02:47:01,from_csv_file
846,3,221,25,2025-11-24 02:47:01,from_csv_file
847,3,222,12,2025-11-24 02:47:01,from_csv_file
848,3,223,29,2025-11-24 02:47:01,from_csv_file
849,3,224,23,2025-11-24 02:47:01,from_csv_file
850,3,225,12,2025-11-24 02:47:01,from_csv_file
851,3,226,14,2025-11-24 02:47:01,from_csv_file
852,3,227,22,2025-11-24 02:47:01,from_csv_file
853,3,228,29,2025-11-24 02:47:01,from_csv_file
854,3,229,7,2025-11-24 02:47:01,from_csv_file
855,3,230,29,2025-11-24 02:47:01,from_csv_file
856,3,231,6,2025-11-24 02:47:01,from_csv_file
857,3,232,16,2025-11-24 02:47:01,from_csv_file
858,3,233,9,2025-11-24 02:47:01,from_csv_file
859,3,234,24,2025-11-24 02:47:01,from_csv_file
860,3,235,1,2025-11-24 02:47:01,from_csv_file
861,3,236,3,2025-11-24 02:47:01,from_csv_file
862,3,237,16,2025-11-24 02:47:01,from_csv_file
863,3,238,12,2025-11-24 02:47:01,from_csv_file
864,3,239,29,2025-11-24 02:47:01,from_csv_file
865,3,240,26,2025-11-24 02:47:01,from_csv_file
866,3,241,8,2025-11-24 02:47:01,from_csv_file
867,3,242,5,2025-11-24 02:47:01,from_csv_file
868,3,243,7,2025-11-24 02:47:01,from_csv_file
869,3,244,5,2025-11-24 02:47:01,from_csv_file
870,3,245,10,2025-11-24 02:47:01,from_csv_file
871,3,246,7,2025-11-24 02:47:01,from_csv_file
872,3,247,3,2025-11-24 02:47:01,from_csv_file
873,3,248,11,2025-11-24 02:47:01,from_csv_file
874,3,249,6,2025-11-24 02:47:01,from_csv_file
875,3,250,16,2025-11-24 02:47:01,from_csv_file
876,3,251,10,2025-11-24 02:47:01,from_csv_file
877,3,252,27,2025-11-24 02:47:01,from_csv_file
878,3,253,15,2025-11-24 02:47:01,from_csv_file
879,3,254,4,2025-11-24 02:47:01,from_csv_file
880,3,255,17,2025-11-24 02:47:01,from_csv_file
881,3,256,1,2025-11-24 02:47:01,from_csv_file
882,3,257,25,2025-11-24 02:47:01,from_csv_file
883,3,258,10,2025-11-24 02:47:01,from_csv_file
884,3,259,0,2025-11-24 02:47:01,from_csv_file
885,3,260,5,2025-11-24 02:47:01,from_csv_file
886,3,261,24,2025-11-24 02:47:01,from_csv_file
887,3,262,29,2025-11-24 02:47:01,from_csv_file
888,3,263,21,2025-11-24 02:47:01,from_csv_file
889,3,264,7,2025-11-24 02:47:01,from_csv_file
890,3,265,22,2025-11-24 02:47:01,from_csv_file
891,3,266,18,2025-11-24 02:47:01,from_csv_file
892,3,267,12,2025-11-24 02:47:01,from_csv_file
893,3,268,17,2025-11-24 02:47:01,from_csv_file
894,3,269,26,2025-11-24 02:47:01,from_csv_file
895,3,270,6,2025-11-24 02:47:01,from_csv_file
896,3,271,23,2025-11-24 02:47:01,from_csv_file
897,3,272,12,2025-11-24 02:47:01,from_csv_file
898,3,273,19,2025-11-24 02:47:01,from_csv_file
899,3,274,7,2025-11-24 02:47:01,from_csv_file
900,3,275,23,2025-11-24 02:47:01,from_csv_file
901,3,276,14,2025-11-24 02:47:01,from_csv_file
902,3,277,26,2025-11-24 02:47:01,from_csv_file
903,3,278,15,2025-11-24 02:47:01,from_csv_file
904,3,279,15,2025-11-24 02:47:01,from_csv_file
905,3,280,1,2025-11-24 02:47:01,from_csv_file
906,3,281,2,2025-11-24 02:47:01,from_csv_file
907,3,282,18,2025-11-24 02:47:01,from_csv_file
908,3,283,1,2025-11-24 02:47:01,from_csv_file
909,3,284,26,2025-11-24 02:47:01,from_csv_file
910,3,285,2,2025-11-24 02:47:01,from_csv_file
911,3,286,7,2025-11-24 02:47:01,from_csv_file
912,3,287,26,2025-11-24 02:47:01,from_csv_file
913,3,288,2,2025-11-24 02:47:01,from_csv_file
914,3,289,2,2025-11-24 02:47:01,from_csv_file
915,3,290,6,2025-11-24 02:47:01,from_csv_file
916,3,291,10,2025-11-24 02:47:01,from_csv_file
917,3,292,16,2025-11-24 02:47:01,from_csv_file
918,3,293,14,2025-11-24 02:47:01,from_csv_file
919,3,294,13,2025-11-24 02:47:01,from_csv_file
920,3,295,9,2025-11-24 02:47:01,from_csv_file
921,3,296,12,2025-11-24 02:47:01,from_csv_file
922,3,297,22,2025-11-24 02:47:01,from_csv_file
923,3,298,14,2025-11-24 02:47:01,from_csv_file
924,3,299,29,2025-11-24 02:47:01,from_csv_file
925,3,300,3,2025-11-24 02:47:01,from_csv_file
926,3,301,29,2025-11-24 02:47:01,from_csv_file
927,3,302,6,2025-11-24 02:47:01,from_csv_file
928,3,303,13,2025-11-24 02:47:01,from_csv_file
929,3,304,23,2025-11-24 02:47:01,from_csv_file
930,3,305,11,2025-11-24 02:47:01,from_csv_file
931,3,306,7,2025-11-24 02:47:01,from_csv_file
932,3,307,17,2025-11-24 02:47:01,from_csv_file
933,3,308,9,2025-11-24 02:47:01,from_csv_file
934,3,309,30,2025-11-24 02:47:01,from_csv_file
935,3,310,8,2025-11-24 02:47:01,from_csv_file
936,3,311,23,2025-11-24 02:47:01,from_csv_file
937,3,312,18,2025-11-24 02:47:01,from_csv_file
938,3,313,0,2025-11-24 02:47:01,from_csv_file
